{"cameraMode":{"drawMode":0,"name":"Shaded","section":"Shading Mode"},"sceneLighting":true,"audioPlay":false,"sceneViewState":{"m_AlwaysRefresh":false,"showFog":true,"showSkybox":true,"showFlares":true,"showImageEffects":true,"showParticleSystems":true,"showVisualEffectGraphs":true,"m_FxEnabled":true},"in2DMode":false,"pivot":{"x":0.7998300790786743,"y":199.35897827148438,"z":-0.6263422966003418},"rotation":{"x":0.16350828111171723,"y":-0.08147549629211426,"z":0.013554522767663002,"w":0.9831050038337708},"size":1.3449110984802247,"orthographic":false}